sample_key,sample_id,label,annotation
sample_001,-3g5yACwYnA$_$2,0.0,Neutral
sample_002,-3g5yACwYnA$_$3,0.0,Neutral
sample_003,-3g5yACwYnA$_$9,0.6666666865348816,Positive
sample_004,-3g5yACwYnA$_$13,0.6666666865348816,Positive
sample_005,-3nNcZdcdvU$_$5,0.0,Neutral
sample_006,-571d8cVauQ$_$0,0.0,Neutral
sample_007,-571d8cVauQ$_$5,0.3333333432674408,Positive
sample_008,-6rXp3zJ3kc$_$8,-1.0,Negative
sample_009,-9y-fZ3swSY$_$0,1.0,Positive
sample_010,-9y-fZ3swSY$_$4,0.0,Neutral
sample_011,-9y-fZ3swSY$_$8,1.6666666269302368,Positive
sample_012,-AUZQgSxyPQ$_$2,0.6666666865348816,Positive
sample_013,-HeZS2-Prhc$_$2,0.6666666865348816,Positive
sample_014,-HwX2H8Z4hY$_$2,0.0,Neutral
sample_015,-HwX2H8Z4hY$_$5,-1.0,Negative
sample_016,-HwX2H8Z4hY$_$6,0.0,Neutral
sample_017,-HwX2H8Z4hY$_$9,-0.3333333432674408,Negative
sample_018,-I_e4mIh0yE$_$1,-0.6666666865348816,Negative
sample_019,-I_e4mIh0yE$_$3,0.6666666865348816,Positive
sample_020,-MeTTeMJBNc$_$0,0.3333333432674408,Positive
sample_021,-MeTTeMJBNc$_$7,1.3333333730697632,Positive
sample_022,-MeTTeMJBNc$_$13,0.3333333432674408,Positive
sample_023,-NFrJFQijFE$_$1,0.3333333432674408,Positive
sample_024,-NFrJFQijFE$_$2,0.0,Neutral
sample_025,-RfYyzHpjk4$_$2,0.3333333432674408,Positive
sample_026,-RfYyzHpjk4$_$8,0.3333333432674408,Positive
sample_027,-RfYyzHpjk4$_$11,2.0,Positive
sample_028,-THoVjtIkeU$_$2,1.3333333730697632,Positive
sample_029,-THoVjtIkeU$_$6,2.6666667461395264,Positive
sample_030,-THoVjtIkeU$_$12,2.0,Positive
sample_031,-UUCSKoHeMA$_$0,0.0,Neutral
sample_032,-UacrmKiTn4$_$4,-1.3333333730697632,Negative
sample_033,-UacrmKiTn4$_$10,-0.6666666865348816,Negative
sample_034,-UuX1xuaiiE$_$0,2.6666667461395264,Positive
sample_035,-UuX1xuaiiE$_$1,1.6666666269302368,Positive
sample_036,-UuX1xuaiiE$_$3,0.3333333432674408,Positive
sample_037,-UuX1xuaiiE$_$6,-0.3333333432674408,Negative
sample_038,-a55Q6RWvTA$_$3,0.6666666865348816,Positive
sample_039,-aNfi7CP8vM$_$7,0.0,Neutral
sample_040,-aqamKhZ1Ec$_$0,-2.0,Negative
sample_041,-dxfTGcXJoc$_$0,1.0,Positive
sample_042,-dxfTGcXJoc$_$1,1.6666666269302368,Positive
sample_043,-dxfTGcXJoc$_$2,0.6666666865348816,Positive
sample_044,-dxfTGcXJoc$_$6,0.6666666865348816,Positive
sample_045,-egA8-b7-3M$_$1,0.6666666865348816,Positive
sample_046,-egA8-b7-3M$_$6,0.6666666865348816,Positive
sample_047,-egA8-b7-3M$_$9,0.3333333432674408,Positive
sample_048,-egA8-b7-3M$_$13,0.3333333432674408,Positive
sample_049,-egA8-b7-3M$_$16,0.6666666865348816,Positive
sample_050,-egA8-b7-3M$_$17,0.3333333432674408,Positive
sample_051,-egA8-b7-3M$_$18,1.0,Positive
sample_052,-egA8-b7-3M$_$20,0.3333333432674408,Positive
sample_053,-egA8-b7-3M$_$26,1.6666666269302368,Positive
sample_054,-hnBHBN8p5A$_$6,1.0,Positive
sample_055,-hnBHBN8p5A$_$7,0.6666666865348816,Positive
sample_056,-iRBcNs9oI8$_$3,0.6666666865348816,Positive
sample_057,-iRBcNs9oI8$_$6,0.3333333432674408,Positive
sample_058,-iRBcNs9oI8$_$7,0.6666666865348816,Positive
sample_059,-iRBcNs9oI8$_$8,1.0,Positive
sample_060,-iRBcNs9oI8$_$9,1.3333333730697632,Positive
sample_061,-lzEya4AM_4$_$5,-0.6666666865348816,Negative
sample_062,-lzEya4AM_4$_$6,-0.3333333432674408,Negative
sample_063,-mJ2ud6oKI8$_$1,0.0,Neutral
sample_064,-mJ2ud6oKI8$_$2,0.0,Neutral
sample_065,-mJ2ud6oKI8$_$6,0.3333333432674408,Positive
sample_066,-mJ2ud6oKI8$_$8,-0.3333333432674408,Negative
sample_067,-mJ2ud6oKI8$_$9,0.0,Neutral
sample_068,-mqbVkbCndg$_$0,0.0,Neutral
sample_069,-qDkUB0GgYY$_$6,1.3333333730697632,Positive
sample_070,-ri04Z7vwnc$_$0,0.0,Neutral
sample_071,-ri04Z7vwnc$_$2,-0.3333333432674408,Negative
sample_072,-ri04Z7vwnc$_$5,0.3333333432674408,Positive
sample_073,-s9qJ7ATP7w$_$0,-0.3333333432674408,Negative
sample_074,-s9qJ7ATP7w$_$1,0.6666666865348816,Positive
sample_075,-s9qJ7ATP7w$_$4,0.0,Neutral
sample_076,-s9qJ7ATP7w$_$5,-2.0,Negative
sample_077,-s9qJ7ATP7w$_$6,0.0,Neutral
sample_078,-s9qJ7ATP7w$_$7,1.0,Positive
sample_079,-s9qJ7ATP7w$_$8,1.3333333730697632,Positive
sample_080,-t217m2on-s$_$2,0.6666666865348816,Positive
sample_081,-t217m2on-s$_$7,-0.6666666865348816,Negative
sample_082,-tANM6ETl_M$_$3,0.3333333432674408,Positive
sample_083,-tPCytz4rww$_$10,0.0,Neutral
sample_084,-tPCytz4rww$_$11,0.0,Neutral
sample_085,-tPCytz4rww$_$12,0.0,Neutral
sample_086,-tPCytz4rww$_$16,0.0,Neutral
sample_087,-tPCytz4rww$_$18,0.0,Neutral
sample_088,-uywlfIYOS8$_$4,0.3333333432674408,Positive
sample_089,-vxjVxOeScU$_$4,1.0,Positive
sample_090,-wMB_hJL-3o$_$7,0.3333333432674408,Positive
sample_091,-wny0OAz3g8$_$0,0.3333333432674408,Positive
sample_092,-wny0OAz3g8$_$1,0.3333333432674408,Positive
sample_093,-wny0OAz3g8$_$2,-0.3333333432674408,Negative
sample_094,-wny0OAz3g8$_$3,-1.3333333730697632,Negative
sample_095,-wny0OAz3g8$_$5,1.0,Positive
sample_096,-wny0OAz3g8$_$7,0.0,Neutral
sample_097,-wny0OAz3g8$_$9,0.6666666865348816,Positive
sample_098,-yRb-Jum7EQ$_$1,0.0,Neutral
sample_099,-yRb-Jum7EQ$_$5,-0.6666666865348816,Negative
sample_100,-yRb-Jum7EQ$_$6,0.0,Neutral
